upc, name
87,Andrew Ortiz
105,Joyce Watkins
1081,Barbara Harvey
1795,Carlos Burton
2011,Andrew Ortiz
2018,Craig Porter
2443,Sarah Moore
3359,Amy Long
3448,Marilyn Wright
7373,Emily Lewis
7719,Kathryn Fuller
10878,Terry Peterson
11481,Scott Nguyen
11814,Sarah Dixon
12662,Maria Frazier
12898,Melissa Fisher
13105,George Reynolds
14990,Jack Gibson
16710,Martin Edwards
16997,Beverly Stanley
18381,Benjamin James
20408,Willie Foster
20564,Diane King
20649,Frank Mills
20739,Ronald Mason
22196,Jack Evans
23357,Ronald Mcdonald
23393,Ashley Harrison
24207,Roy Henry
24260,Walter Hernandez
24568,Ruby Burns
25143,Wanda Ryan
25424,Joshua Medina
26405,Debra Griffin
26619,Anne Carter
26620,Gregory Spencer
26742,Paul Campbell
27002,Nancy Dunn
28638,Roy Cook
29302,Martin Mccoy
29671,Jessica Robinson
29732,Deborah Richardson
29936,Joyce Butler
31363,Pamela Kim
32589,Stephanie Rice
33477,Jason Fisher
33732,Wayne Vasquez
33929,Patricia Hunter
33991,Ashley Russell
34109,Justin Robinson
35976,Anne Castillo
36903,Adam Castillo
37470,Todd Henderson
38910,Larry Palmer
40027,Jesse Spencer
40920,Beverly Bailey
41481,Lillian Holmes
42965,Julie Collins
43005,Steve Cook
43104,Lillian Gonzalez
43579,Karen Davis
45038,Charles Berry
45741,Carl Wright
46769,Jesse Stewart
47227,Kathleen Carr
47374,Michelle Gomez
47470,Julia Porter
47539,Jane Freeman
48068,Helen Larson
49911,Richard Banks
50111,Teresa Price
52884,Catherine Long
52997,Bonnie Mitchell
54079,Ronald Arnold
54300,Susan Griffin
54743,Jason Pierce
54779,Timothy Burke
55370,Frank Fisher
55676,Kathleen Lawrence
56216,Ralph Lawrence
57874,Stephen Hicks
58001,Steven Duncan
58490,Keith Gray
59907,Paul Gibson
61152,Richard Martin
61630,Justin Fowler
61802,Teresa Henry
61968,Christina Lewis
63231,Mary Jordan
66131,Maria Stephens
66572,Victor Harper
67699,Scott Foster
67784,Ann Fernandez
68617,Teresa Fisher
68631,Charles Berry
70159,Justin Hall
71922,Stephen Daniels
72781,Debra Rice
74212,Bobby Palmer
75128,Betty Bailey
75427,Bruce Chapman
75890,Judith Bishop
77002,Matthew Jones
77085,Donald Hayes
77613,Jennifer Young
77822,Laura Allen
78807,Pamela Griffin
78886,David Gomez
79341,Stephanie Elliott
80294,Deborah Schmidt
81629,Diane Powell
83257,Harold Walker
83318,Juan Hernandez
84022,Harry Olson
84286,Phyllis Day
84984,Brenda Cox
85972,Rose Ramirez
86300,Jesse Webb
86572,Doris Owens
86743,Barbara Rose
87179,Harold Patterson
87610,Pamela Simpson
87708,Ernest Diaz
87821,Donna Lawrence
88133,Ernest Duncan
88191,Judith Davis
88276,Donald Rodriguez
88579,Paul Simmons
88661,Robert Peterson
89138,Willie Bell
89468,Philip Mcdonald
90220,Gerald Greene
90832,Theresa Coleman
91217,Andrea Grant
91739,Marilyn Cooper
91958,Steve Harrison
92045,Benjamin Kelley
92411,Catherine Romero
92470,Rose Jordan
92776,James Carter
92980,Ruth Berry
93241,Diane Fox
93299,Carl Turner
93954,Charles Burns
96705,Stephanie Ray
98366,Henry Lane
99515,Nancy Harvey
101189,William Gonzales
101378,Marilyn Sanders
102701,Earl Robinson
103223,Peter Perez
104637,Denise Rivera
104680,Walter Garza
104806,Anna Richardson
104947,Wayne James
105216,Thomas Porter
105745,Christine Howard
105850,Carol Perez
105857,Roger Rose
106061,Peter Rice
106211,Christina Nguyen
106778,Ralph Scott
107501,Aaron Long
109974,Edward Smith
110727,Gregory Warren
111495,Joan Price
113367,Wanda Jackson
113546,Aaron Morris
114347,Dorothy Lewis
115016,Bruce Baker
115046,William Gonzalez
115067,Steve Tucker
117035,Randy Rose
118189,Jeffrey Fowler
118269,Jacqueline Wright
119104,Phillip Cunningham
119740,Beverly Reed
120789,Randy Ramos
121442,Theresa Warren
122214,Philip Peterson
122406,Kathy Castillo
122680,Evelyn Mason
124202,Jane Lopez
124253,Billy Cooper
124719,Paul Moore
125063,Linda Freeman
126703,Ruth Watkins
126933,Doris Stanley
127429,Philip Weaver
127677,Terry Dunn
129293,Michael Boyd
129801,Deborah Hart
131669,Betty Fernandez
131764,Lisa Robinson
131809,Ashley Butler
132369,Katherine Fuller
132475,Joe Bryant
132624,John Lee
132792,Barbara Harrison
135071,Thomas Clark
136471,Todd Barnes
137189,Diana Robertson
137782,Frances Jordan
138067,Craig Jordan
138969,Theresa Hughes
139673,Barbara Nichols
140491,Mary Bowman
140941,Eric Armstrong
141292,Elizabeth Simmons
141474,Lori Hughes
141543,Susan Bishop
141952,Beverly Rodriguez
142102,Helen Bennett
142777,Andrew Williamson
143153,Henry Grant
143184,Linda Sims
144063,Doris Shaw
144272,Alan Thompson
147690,Juan Anderson
147762,Lisa Peters
148493,Henry Cooper
151059,Adam Smith
151062,Jerry Williamson
151283,Roger Collins
151685,Frances Ferguson
152742,Ryan Fox
152869,Beverly Medina
152902,Virginia Robinson
152968,Stephen Reynolds
153260,Dennis Hawkins
154155,Laura Elliott
154763,Mark Warren
154999,Laura Mitchell
155098,Maria Woods
155145,Lillian Ray
155566,Jane Oliver
155911,Joshua Crawford
156309,Brian Morales
157232,Carl Romero
158106,Jerry Nguyen
158287,Charles Greene
158448,Fred Burns
158521,Michael Tucker
159866,Albert Banks
160165,Bobby Gray
160519,Sarah Sanders
160909,Jessica Stone
161041,Brenda Brown
161117,Angela Stewart
161387,Eugene Phillips
161676,Juan Sims
162191,Beverly Jordan
162206,Daniel Peterson
163389,Donald Gibson
164537,Joshua Hart
165564,William Carroll
165839,Jeffrey Mason
167102,Carlos Simmons
167167,Jesse Rodriguez
167215,Terry Arnold
167515,Ashley Jones
169688,Janice Freeman
170826,Bonnie Hernandez
171572,Charles Daniels
171977,Lori Garcia
172192,Ann Allen
172793,Aaron Day
173215,Antonio Richards
173713,Ernest Brown
173806,Carlos Boyd
175048,Judith Burns
175100,Kathleen Hudson
175330,Marie Gomez
177701,Virginia Stewart
178567,Brandon Dean
179513,Barbara Riley
179781,Julia Morales
180393,Paul Dean
180948,Randy Peters
180952,Brandon Gordon
181125,Frances Garcia
181201,Christine Kelly
181203,Shirley Bailey
181486,Dorothy Jacobs
182440,Alan Medina
182512,Louis Campbell
183672,Beverly Lee
183728,Ernest Miller
184158,Sarah Kelly
184227,Donna Willis
185059,Todd Larson
185472,Jonathan Carter
185587,Kathleen Dunn
186875,Catherine Wilson
186963,Maria Ferguson
187149,Timothy Matthews
188296,Frank Young
188500,Harold Freeman
188510,Roy Hudson
190254,Irene Berry
192372,Rose Robinson
192881,Annie Reid
193043,Alan Harris
193324,Jessica Rose
193371,Kathleen Kim
193769,Brian Scott
194329,Christine Ross
194821,Marilyn Bishop
195025,Amy Wilson
195057,Shawn Lawrence
195615,Susan Chavez
196288,Walter Harris
197290,Lillian Rivera
197563,Russell Murphy
198031,Carol Wood
198412,Diana Thomas
198512,Paula Meyer
198701,Anthony Andrews
199185,Lois Rivera
200423,Betty Richards
201374,Brandon Peterson
201710,Gerald Fields
202759,John Hall
203581,Christina Clark
204764,Jose Marshall
205267,Tammy Kelley
205435,Stephen Kim
205613,Johnny Ford
205779,Donald Cunningham
206453,Louise Thompson
206642,Jacqueline Wilson
206752,Brenda Richards
207342,Martha Bell
207879,Ashley George
208669,Jesse Murphy
209473,Sharon James
209875,Justin Hughes
210609,Ronald West
210867,Dennis Riley
210895,Richard Lane
210902,Ryan Fuller
211246,Teresa Wilson
212392,Lois Vasquez
212724,Tammy Duncan
213344,Randy Tucker
213461,Patrick Ramos
214261,Juan Harvey
214296,Phyllis Garza
215216,Brenda Berry
216126,Frank Griffin
216690,Keith Hunt
217819,Scott Bryant
218428,Beverly Gonzalez
219543,Terry Hill
220499,Samuel Spencer
220550,Jerry Baker
222347,Bruce Watson
222509,Ann Hayes
223391,Eugene Garza
224125,Carol Hamilton
224471,Joyce Alexander
224736,Kevin Thomas
224774,Tammy Baker
225030,Larry Robinson
225092,Louise Black
225133,Gerald Brooks
225395,Walter Diaz
226122,Victor Sullivan
226220,Willie Sims
226389,Sharon Palmer
226444,Terry Coleman
227047,Daniel Lawson
228244,Kathryn Cox
229084,Nicholas Price
229118,Walter Wilson
229275,Diane Sanchez
230176,Ashley Thomas
230284,John Harvey
230678,Jerry Boyd
231377,Wayne Garza
231992,Patrick Oliver
233341,Julie Spencer
233378,Carolyn Bell
234696,Johnny Alexander
234842,Billy Hamilton
234850,Martin Burton
234975,Russell Meyer
235220,George Hughes
235580,Dorothy Boyd
235989,Robin Lee
236371,Douglas Hamilton
236461,Brandon Jordan
236993,Jane Long
237144,Roy Reynolds
237583,Edward Reed
237712,Martha Foster
237982,Dorothy Lane
240169,Louis Hanson
241654,Pamela Hamilton
244289,Martha Burke
245959,Theresa Richards
248083,Louise Fowler
248340,Rebecca Fowler
248884,David Watkins
249628,Julia James
249875,Ryan Arnold
251361,Terry Holmes
252054,Jack Patterson
252253,Margaret Flores
252270,Laura Woods
252301,Jennifer Jones
253241,Howard Hamilton
253300,Edward Rose
253827,Teresa Cole
254975,Stephanie Vasquez
257371,Ronald Chavez
257699,Paul Johnson
257738,Fred Ross
258629,Michelle Hunt
258967,Angela Anderson
259621,Wanda Mills
261266,Linda Fields
262627,Donna Rose
262886,Bobby Adams
263512,Donald Allen
263635,Craig Parker
263781,Alice Graham
264409,Jack Mitchell
264916,Russell Griffin
265690,Kimberly Simmons
266584,Karen Oliver
267213,Russell Carpenter
267842,Lawrence Ferguson
267960,Lillian Fields
268854,Andrea Olson
270098,Ruth Arnold
270283,Helen Turner
271397,Wayne Fernandez
271791,Diane Price
272205,Donna Snyder
272267,Robin Roberts
272295,Todd Reid
272483,Steve Hawkins
272837,Emily Fuller
273202,Shawn Richards
273303,Donald Wood
274199,Jeremy Ross
275106,Diane Gonzales
275333,Timothy Griffin
275406,Joseph Cruz
275706,Ruth Butler
275895,Jose Fernandez
277302,Jose Reid
278851,Benjamin Williamson
279449,Theresa Brown
279590,Diana Russell
279603,Diane Coleman
280134,Juan Moore
280443,Carol Perez
280694,Matthew Price
281909,Juan Reyes
282099,Laura Moreno
282589,Brandon Myers
282875,Lawrence Banks
285371,Stephen Johnston
285542,Kevin Olson
286131,Anna Foster
286369,Rachel Collins
287095,Emily Mitchell
287200,Brandon Carpenter
287497,Michelle Moore
288398,Anna Stone
289160,Douglas Morrison
289894,Carl Berry
290004,Diane Torres
290216,Denise Lee
290299,Eugene Johnston
290418,Paul Ryan
290946,Thomas Oliver
292377,Robert Schmidt
292404,Cynthia Diaz
292653,Ernest Harper
293083,Craig Kim
294887,Clarence Moreno
295452,Cynthia Howell
296001,Paul Stone
296840,Anthony Nguyen
297185,Jeremy Patterson
297299,Aaron Kim
297494,Cheryl Carr
297496,Gary Morrison
297806,Carl Fisher
297978,Deborah Gibson
298012,Earl Collins
298379,Martha Spencer
298436,Nicholas Medina
298702,Keith Nguyen
298783,Victor Stone
299037,Jeffrey Carr
299660,Annie Black
299713,Deborah Duncan
300107,Marilyn Murphy
300132,Kathleen Romero
300164,Doris Johnson
300992,Anne Hayes
302563,Walter Johnston
302576,Albert Carter
303229,Pamela Shaw
303337,Jesse Adams
303437,Andrea Watkins
303563,Albert Ramirez
303747,Albert Elliott
304213,Phillip Fields
304315,Kelly Reid
304450,Beverly Parker
305211,Rose Rivera
305620,Andrew Bailey
305770,Ruby Gordon
306125,Brandon Wood
308669,Douglas Stevens
308784,Aaron Hunt
310128,Carl Jackson
310635,Carlos Gardner
310822,Samuel Gonzalez
310884,Ernest Johnston
311281,Arthur Simpson
312049,Nicholas Morales
313027,Todd Hernandez
314241,Harold Green
314797,Melissa Clark
316045,Arthur Nelson
316503,Kimberly Daniels
316592,Gregory Patterson
316680,Helen Green
317391,Chris Murray
318436,Gerald Miller
318779,Robin Wilson
319302,Gary Cook
321328,Catherine Garcia
321618,Walter Morales
321637,Betty Fields
323129,Alice Ward
323847,Donald Hill
325240,Daniel Garza
325270,Johnny Morgan
325487,Robert Hamilton
326715,Wayne Hunter
326959,Brian Cox
327343,Tina Fuller
328028,Jennifer Howell
328082,Martin Parker
328674,Sara Moreno
329031,Jerry Johnson
329513,Deborah Woods
330042,Cheryl King
330677,Judy West
330808,Ruby Stephens
332131,Frances Richardson
332162,Jesse Washington
332460,Patrick Foster
332726,Amy Henderson
333555,Christopher Richards
333612,Linda Black
333900,Albert Kelly
334436,Deborah Peterson
335142,Thomas Fuller
337946,Kelly Cooper
339527,Jack Flores
339660,Diane Ramos
340353,Ashley Price
340893,Gregory Cooper
341354,Paula Graham
341471,Sandra Wallace
343241,Samuel Hicks
344505,Jerry Rose
344964,Jesse Cole
344991,Debra Carpenter
346260,Kenneth Morrison
347815,Anne Wells
348902,Kelly Lane
349193,Howard Burton
349462,Stephanie Cox
349984,Laura Ryan
350701,George Burton
351188,Debra Owens
352789,Adam Elliott
353110,Donald Ford
353193,Edward King
353248,Bobby Walker
354907,Richard Howell
355023,Anne Fields
355205,Mark Patterson
355651,Thomas Martin
355921,Keith Lawrence
355947,Victor Reyes
357476,Betty Thompson
357669,David Bennett
357996,Jean Ramirez
358090,Fred Meyer
358196,Kimberly Hamilton
358526,Michelle Bell
358817,Anna Austin
360574,Karen Ryan
361011,Jeremy Butler
361093,Martha Lee
361466,Terry Stone
361623,Scott Parker
362268,Arthur Wells
362511,Mark Watkins
363171,Irene Wright
364939,Bonnie Grant
365425,Eugene Williams
365610,Jerry Morgan
366163,Diane Morgan
366247,Edward Fowler
366774,Alan Roberts
366991,Russell Richardson
367000,Mary Stanley
367454,Albert Arnold
368123,Kathleen Davis
369383,Janice Martin
369434,Marilyn Hansen
371845,Willie Armstrong
371952,Jennifer Hall
375018,Arthur Nguyen
375320,Gary Jones
377441,Tina Carter
377747,John Weaver
378733,Paul George
378839,Shawn Dixon
379241,Julie Jacobs
380869,Ryan Roberts
380975,Richard Reid
382116,Juan Phillips
382171,Robin Martinez
383886,Frank Howell
384094,Marilyn Gray
384280,Carl Carpenter
384379,Edward Dunn
384499,Alice Young
384791,Wayne Hanson
385719,Emily Morales
386539,Harry Harrison
386543,Gerald Ford
386927,Sharon Chapman
387076,Antonio Hicks
388823,Adam Sullivan
388901,Samuel Daniels
389231,Stephen Jackson
389337,Gary Sanchez
389606,Nicholas Richardson
391545,George Lee
393273,Marie Harvey
393881,Jean Moore
394687,Jimmy Howard
394843,Eugene Rogers
395274,Sean Oliver
396128,Jean Lawrence
396198,Craig Garrett
396300,Cynthia Wood
396373,William Porter
397833,Roger Long
398288,Sarah Lopez
398492,Sara Patterson
399329,Ryan Fuller
399789,Kimberly Castillo
400700,Willie Mason
401193,Judy Holmes
401248,Terry Nichols
401431,Janice Lewis
402648,Patrick Miller
404256,Walter Gonzalez
405454,Scott Peters
405464,Russell Powell
405931,Philip Howell
406913,Alice Lawson
407111,Walter Anderson
407602,Christina Washington
408027,Rachel King
409642,Rebecca Webb
409735,Gloria Grant
409969,Andrea Palmer
410193,Steven Daniels
410237,Joe Burke
411015,Thomas Welch
411167,Timothy Stevens
411677,Eugene Arnold
411679,Louise Lopez
411787,Matthew Rodriguez
412108,Laura Kelly
413442,Janice Ryan
413656,Laura Cook
413703,Jeremy Gardner
413876,Billy Banks
414993,Katherine Tucker
415382,Timothy Franklin
416277,Sarah Thompson
416748,Joe Watson
417591,Laura Davis
418486,Mary Nichols
418702,Julia Ford
419009,Amy Woods
420424,Victor Porter
421731,Sandra Burton
421943,Kelly Scott
425212,Patrick Ortiz
425892,Jimmy Howard
426355,Maria Reed
426513,Ronald Wallace
426920,Joan Stanley
427672,Roger Henry
428696,Joyce Garza
428968,Peter Bell
430415,Kathleen Williamson
431540,Wanda Reyes
432996,Pamela Dixon
433000,Nicholas Hudson
433409,John Harris
433986,Joshua Collins
434111,Joe Austin
434881,Diane Lopez
435000,Julie Rodriguez
435471,Michelle Larson
435827,Chris Sanchez
437440,Bobby Johnson
437831,Billy Holmes
438669,Jonathan Montgomery
438691,Dennis Murray
439392,Joe Chapman
439496,Karen Adams
440585,Janet Carr
441157,Howard Payne
441233,Nancy Clark
442174,Marilyn Collins
443134,Jimmy Bennett
443145,Victor Bryant
443550,Doris Knight
443680,Joe Hayes
443802,Kathleen Wells
444054,Katherine Riley
444780,Albert Dean
445984,Kathy Little
446754,Anna Schmidt
447604,Rachel Medina
448165,Peter Day
449092,Carol Roberts
449885,Kathy Holmes
450062,Carlos Reid
450992,Anne Turner
451040,Kathleen Hamilton
451550,Jane Nichols
453278,Patrick Riley
454766,Douglas Meyer
455718,Michelle Henderson
456426,Barbara Reyes
456895,Cynthia Harrison
457184,William Bradley
457253,Beverly Dixon
458516,Kimberly Boyd
458782,Willie Harper
458900,Louis Johnson
459018,Bobby Collins
459138,Joyce Rice
459419,Lois Carter
460050,Diane Chapman
460634,Martin Snyder
461711,Brandon Lawson
463071,Nicholas Duncan
463248,Sara Ward
463674,Judith Brown
464213,Patricia Stone
464251,Ruby Carr
465227,Lillian Watkins
466518,Katherine Turner
466624,Craig Edwards
467155,Barbara Hall
468704,Jerry Evans
468869,Samuel Johnson
469185,Dorothy Armstrong
470981,James Sanders
472370,Nancy Holmes
472542,Lisa Lawson
472702,Judy Larson
473006,Ruby Clark
473862,Amy Ruiz
473944,Joseph Spencer
474150,Juan Davis
474437,Jennifer Thompson
476208,Christopher Ramos
476558,Keith Watkins
477757,Larry Jackson
478488,Jennifer Duncan
479947,Virginia Jones
480640,Carl Foster
480826,Doris Johnson
480897,Shirley Burton
482575,Chris Johnson
483511,Cynthia Rogers
483678,Elizabeth Franklin
484452,Irene Castillo
484520,Betty Fields
484862,Alice Ward
484953,Donald Hill
485559,Daniel Garza
485705,Johnny Morgan
486122,Robert Hamilton
486173,Wayne Hunter
486835,Brian Cox
488119,Tina Fuller
489358,Jennifer Howell
490720,Martin Parker
491376,Sara Moreno
491630,Jerry Johnson
492729,Deborah Woods
492835,Cheryl King
493259,Judy West
493427,Ruby Stephens
495326,Frances Richardson
496711,Jesse Washington
497187,Patrick Foster
497215,Amy Henderson
497373,Christopher Richards
497766,Linda Black
497968,Albert Kelly
499233,Deborah Peterson
499869,Thomas Fuller
502225,Kelly Cooper
502625,Jack Flores
502874,Diane Ramos
503056,Ashley Price
503531,Gregory Cooper
504824,Paula Graham
504837,Sandra Wallace
506059,Samuel Hicks
507760,Jerry Rose
508230,Jesse Cole
508648,Debra Carpenter
509383,Kenneth Morrison
510107,Anne Wells
510551,Kelly Lane
510769,Howard Burton
511068,Stephanie Cox
512395,Laura Ryan
512457,George Burton
512562,Debra Owens
512800,Adam Elliott
513884,Donald Ford
513948,Edward King
513956,Bobby Walker
513971,Richard Howell
514585,Anne Fields
514811,Mark Patterson
515302,Thomas Martin
515634,Keith Lawrence
517616,Victor Reyes
517646,Betty Thompson
519758,David Bennett
520194,Jean Ramirez
520603,Fred Meyer
520685,Kimberly Hamilton
520704,Michelle Bell
520726,Anna Austin
521427,Karen Ryan
522815,Jeremy Butler
523101,Martha Lee
524710,Terry Stone
524914,Scott Parker
525119,Arthur Wells
525833,Mark Watkins
526928,Irene Wright
527252,Bonnie Grant
527347,Eugene Williams
529494,Jerry Morgan
530186,Diane Morgan
531451,Edward Fowler
531793,Alan Roberts
532013,Russell Richardson
532189,Mary Stanley
532443,Albert Arnold
533020,Kathleen Davis
534306,Janice Martin
534990,Marilyn Hansen
535525,Willie Armstrong
535554,Jennifer Hall
536225,Arthur Nguyen
536366,Gary Jones
539112,Tina Carter
539446,John Weaver
539806,Paul George
539912,Shawn Dixon
540186,Julie Jacobs
540187,Ryan Roberts
540955,Richard Reid
541785,Juan Phillips
541986,Robin Martinez
542058,Frank Howell
542839,Marilyn Gray
543188,Carl Carpenter
543498,Edward Dunn
543535,Alice Young